{
    "loss": 3.7977421283721924,
    "accuracy": 0.5035971403121948
}